{"cameraMode":{"drawMode":0,"name":"Shaded","section":"Shading Mode"},"sceneLighting":true,"audioPlay":false,"sceneViewState":{"showFog":true,"showMaterialUpdate":false,"showSkybox":false,"showFlares":true,"showImageEffects":true,"showParticleSystems":true},"in2DMode":false,"pivot":{"x":103.57966613769531,"y":3.6389365196228029,"z":78.98440551757813},"rotation":{"x":-0.021150054410099984,"y":0.7246703505516052,"z":0.020861739292740823,"w":0.6887027621269226},"size":4.006707191467285,"orthographic":false}