{"cameraMode":{"drawMode":0,"name":"Shaded","section":"Shading Mode"},"sceneLighting":true,"audioPlay":false,"sceneViewState":{"showFog":true,"showMaterialUpdate":false,"showSkybox":false,"showFlares":true,"showImageEffects":true,"showParticleSystems":true},"in2DMode":false,"pivot":{"x":74.77110290527344,"y":-6.060537338256836,"z":36.53515625},"rotation":{"x":-0.6056490540504456,"y":0.38351041078567507,"z":-0.41252127289772036,"w":-0.5622602701187134},"size":15.27038288116455,"orthographic":false}