{"cameraMode":{"drawMode":0,"name":"Shaded","section":"Shading Mode"},"sceneLighting":true,"audioPlay":false,"sceneViewState":{"showFog":true,"showMaterialUpdate":false,"showSkybox":false,"showFlares":true,"showImageEffects":true,"showParticleSystems":true},"in2DMode":false,"pivot":{"x":51.25474548339844,"y":-10.682083129882813,"z":78.91007995605469},"rotation":{"x":0.298424631357193,"y":-0.506595253944397,"z":0.19242341816425324,"w":0.7856770753860474},"size":231.2495880126953,"orthographic":false}