{"cameraMode":{"drawMode":0,"name":"Shaded","section":"Shading Mode"},"sceneLighting":true,"audioPlay":false,"sceneViewState":{"showFog":true,"showMaterialUpdate":false,"showSkybox":false,"showFlares":true,"showImageEffects":true,"showParticleSystems":true},"in2DMode":false,"pivot":{"x":71.702392578125,"y":-22.125335693359376,"z":47.202552795410159},"rotation":{"x":0.48073437809944155,"y":-0.5173285603523254,"z":0.46848636865615847,"w":0.5308440923690796},"size":120.29693603515625,"orthographic":false}