{"cameraMode":{"drawMode":0,"name":"Shaded","section":"Shading Mode"},"sceneLighting":true,"audioPlay":false,"sceneViewState":{"showFog":true,"showMaterialUpdate":false,"showSkybox":false,"showFlares":true,"showImageEffects":true,"showParticleSystems":true},"in2DMode":false,"pivot":{"x":38.963600158691409,"y":2.6456100940704347,"z":30.557424545288087},"rotation":{"x":0.2567744553089142,"y":-0.3702335059642792,"z":0.10726623237133026,"w":0.8862832188606262},"size":1.4726698398590088,"orthographic":false}