{"cameraMode":{"drawMode":0,"name":"Shaded","section":"Shading Mode"},"sceneLighting":true,"audioPlay":false,"sceneViewState":{"showFog":true,"showMaterialUpdate":false,"showSkybox":false,"showFlares":true,"showImageEffects":true,"showParticleSystems":true},"in2DMode":false,"pivot":{"x":37.90731430053711,"y":2.269103527069092,"z":30.39163589477539},"rotation":{"x":0.2580965459346771,"y":-0.5504677295684815,"z":0.18394970893859864,"w":0.7723625898361206},"size":7.342710018157959,"orthographic":false}