{"cameraMode":{"drawMode":0,"name":"Shaded","section":"Shading Mode"},"sceneLighting":true,"audioPlay":false,"sceneViewState":{"showFog":true,"showMaterialUpdate":false,"showSkybox":false,"showFlares":true,"showImageEffects":true,"showParticleSystems":true},"in2DMode":false,"pivot":{"x":44.091224670410159,"y":-2.0686612129211427,"z":23.623905181884767},"rotation":{"x":0.10757677257061005,"y":0.08855479210615158,"z":-0.010841812938451767,"w":0.9903527498245239},"size":24.207862854003908,"orthographic":false}